Workbook

Sheet Monthly Goals
A1: Month | B1: Main Monthly Goal | C1: Rationale | D1: Evidence / Proof | E1: Support Goal 1 | F1: Support Goal 2 | G1: Barriers Anticipated | H1: Strategies to Overcome | I1: Result | J1: Reflection | K1: S - Specific? | L1: M - Measurable? | M1: A - Achievable? | N1: R - Relevant? | O1: T - Time-Bound? | P1: SMART Score | Q1: SMART Status
P2: =COUNTIF(K2:O2,"Yes") | Q2: =IF(P2=5,"SMART Ready",IF(P2>=3,"Almost There","Revise"))
P3: =COUNTIF(K3:O3,"Yes") | Q3: =IF(P3=5,"SMART Ready",IF(P3>=3,"Almost There","Revise"))
P4: =COUNTIF(K4:O4,"Yes") | Q4: =IF(P4=5,"SMART Ready",IF(P4>=3,"Almost There","Revise"))
P5: =COUNTIF(K5:O5,"Yes") | Q5: =IF(P5=5,"SMART Ready",IF(P5>=3,"Almost There","Revise"))
P6: =COUNTIF(K6:O6,"Yes") | Q6: =IF(P6=5,"SMART Ready",IF(P6>=3,"Almost There","Revise"))
P7: =COUNTIF(K7:O7,"Yes") | Q7: =IF(P7=5,"SMART Ready",IF(P7>=3,"Almost There","Revise"))
P8: =COUNTIF(K8:O8,"Yes") | Q8: =IF(P8=5,"SMART Ready",IF(P8>=3,"Almost There","Revise"))
P9: =COUNTIF(K9:O9,"Yes") | Q9: =IF(P9=5,"SMART Ready",IF(P9>=3,"Almost There","Revise"))
P10: =COUNTIF(K10:O10,"Yes") | Q10: =IF(P10=5,"SMART Ready",IF(P10>=3,"Almost There","Revise"))
P11: =COUNTIF(K11:O11,"Yes") | Q11: =IF(P11=5,"SMART Ready",IF(P11>=3,"Almost There","Revise"))
P12: =COUNTIF(K12:O12,"Yes") | Q12: =IF(P12=5,"SMART Ready",IF(P12>=3,"Almost There","Revise"))
P13: =COUNTIF(K13:O13,"Yes") | Q13: =IF(P13=5,"SMART Ready",IF(P13>=3,"Almost There","Revise"))
... P51: =COUNTIF(K51:O51,"Yes") | Q51: =IF(P51=5,"SMART Ready",IF(P51>=3,"Almost There","Revise"))

Sheet Weekly Plan
A1: Week Of (Date) | B1: Monthly Goal Reference | C1: Outcome 1 | D1: Scheduled Time 1 | E1: Outcome 2 | F1: Scheduled Time 2 | G1: Outcome 3 | H1: Scheduled Time 3 | I1: Skill Practice | J1: Resources Needed | K1: Completion % | L1: Weekly Reflection
K2: =IFERROR(COUNTIF('Daily Log'!F:F,"Done")/COUNTA('Daily Log'!F:F),0)
K3: =IFERROR(COUNTIF('Daily Log'!F:F,"Done")/COUNTA('Daily Log'!F:F),0)
K4: =IFERROR(COUNTIF('Daily Log'!F:F,"Done")/COUNTA('Daily Log'!F:F),0)
K5: =IFERROR(COUNTIF('Daily Log'!F:F,"Done")/COUNTA('Daily Log'!F:F),0)
K6: =IFERROR(COUNTIF('Daily Log'!F:F,"Done")/COUNTA('Daily Log'!F:F),0)
K7: =IFERROR(COUNTIF('Daily Log'!F:F,"Done")/COUNTA('Daily Log'!F:F),0)
K8: =IFERROR(COUNTIF('Daily Log'!F:F,"Done")/COUNTA('Daily Log'!F:F),0)
K9: =IFERROR(COUNTIF('Daily Log'!F:F,"Done")/COUNTA('Daily Log'!F:F),0)
K10: =IFERROR(COUNTIF('Daily Log'!F:F,"Done")/COUNTA('Daily Log'!F:F),0)
K11: =IFERROR(COUNTIF('Daily Log'!F:F,"Done")/COUNTA('Daily Log'!F:F),0)
K12: =IFERROR(COUNTIF('Daily Log'!F:F,"Done")/COUNTA('Daily Log'!F:F),0)
K13: =IFERROR(COUNTIF('Daily Log'!F:F,"Done")/COUNTA('Daily Log'!F:F),0)
... K51: =IFERROR(COUNTIF('Daily Log'!F:F,"Done")/COUNTA('Daily Log'!F:F),0)

Sheet Daily Log
A1: Date | B1: Weekly Outcome Link | C1: Top 1 Priority | D1: Support Task A | E1: Support Task B | F1: Status | G1: Minutes Worked | H1: Evidence (Link/Note) | I1: Comment | J1: Barrier Check
J2: =IF(F2="","",IF(F2="Blocked","Log in Barriers","Clear"))
J3: =IF(F3="","",IF(F3="Blocked","Log in Barriers","Clear"))
J4: =IF(F4="","",IF(F4="Blocked","Log in Barriers","Clear"))
J5: =IF(F5="","",IF(F5="Blocked","Log in Barriers","Clear"))
J6: =IF(F6="","",IF(F6="Blocked","Log in Barriers","Clear"))
J7: =IF(F7="","",IF(F7="Blocked","Log in Barriers","Clear"))
J8: =IF(F8="","",IF(F8="Blocked","Log in Barriers","Clear"))
J9: =IF(F9="","",IF(F9="Blocked","Log in Barriers","Clear"))
J10: =IF(F10="","",IF(F10="Blocked","Log in Barriers","Clear"))
J11: =IF(F11="","",IF(F11="Blocked","Log in Barriers","Clear"))
J12: =IF(F12="","",IF(F12="Blocked","Log in Barriers","Clear"))
J13: =IF(F13="","",IF(F13="Blocked","Log in Barriers","Clear"))
... J51: =IF(F51="","",IF(F51="Blocked","Log in Barriers","Clear"))
F53: Total Minutes: | G53: =SUM(G2:G51)

Sheet Barriers
A1: Date | B1: Barrier Type | C1: Description | D1: Actions Taken | E1: Result | F1: Root Cause | G1: Next Strategy (If/Then) | H1: Support Needed | I1: Follow-up

Sheet Portfolio
A1: Artifact Name | B1: Date Created | C1: File Link | D1: Skill Demonstrated | E1: Feedback | F1: Next Improvement Step

Sheet Visual Board
A1: TO-DO | C1: IN-PROGRESS | E1: DONE
A2: =IFERROR(FILTER('Daily Log'!C2:C51,'Daily Log'!F2:F51=""),"") | C2: =IFERROR(FILTER('Daily Log'!C2:C51,'Daily Log'!F2:F51="Partial"),"") | E2: =IFERROR(FILTER('Daily Log'!C2:C51,'Daily Log'!F2:F51="Done"),"")
